enter,1
enter,2
enter,3
enter,4
enter,5
enter,6
enter,7
enter,8
enter,9
enter,10
enter,11
enter,12
enter,13
enter,14
enter,15
enter,16
enter,17
enter,18
enter,19
enter,20
enter,21
enter,22
enter,23
enter,24
enter,25
enter,26
enter,27
enter,28
enter,29
enter,30
enter,31
enter,32
enter,33
enter,34
enter,35
enter,36
enter,37
enter,38
enter,39
enter,40
enter,41
enter,42
enter,43
enter,44
enter,45
enter,46
enter,47
enter,48
enter,49
enter,50
enter,51
enter,52
enter,53
enter,54
enter,55
enter,56
enter,57
enter,58
enter,59
enter,60
enter,61
enter,62
enter,63
enter,64
enter,65
enter,66
enter,67
enter,68
enter,69
enter,70
enter,71
enter,72
enter,73
enter,74
enter,75
enter,76
enter,77
enter,78
enter,79
enter,80
enter,81
enter,82
enter,83
enter,84
enter,85
enter,86
enter,87
enter,88
enter,89
enter,90
enter,91
enter,92
enter,93
enter,94
enter,95
enter,96
enter,97
enter,98
enter,99
enter,100
enter,101
enter,102
enter,103
enter,104
enter,105
enter,106
enter,107
enter,108
enter,109
enter,110
enter,111
enter,112
enter,113
enter,114
enter,115
enter,116
enter,117
enter,118
enter,119
enter,120
enter,121
enter,122
enter,123
enter,124
enter,125
enter,126
enter,127
enter,128
enter,129
enter,130
enter,131
enter,132
enter,133
enter,134
enter,135
enter,136
enter,137
enter,138
enter,139
enter,140
enter,141
enter,142
enter,143
enter,144
enter,145
enter,146
enter,147
enter,148
enter,149
enter,150
enter,151
enter,152
enter,153
enter,154
enter,155
enter,156
enter,157
enter,158
enter,159
enter,160
enter,161
enter,162
enter,163
enter,164
enter,165
enter,166
enter,167
enter,168
enter,169
enter,170
enter,171
enter,172
enter,173
enter,174
enter,175
enter,176
enter,177
enter,178
enter,179
enter,180
enter,181
enter,182
enter,183
enter,184
enter,185
enter,186
enter,187
enter,188
enter,189
enter,190
enter,191
enter,192
enter,193
enter,194
enter,195
enter,196
enter,197
enter,198
enter,199
enter,200
enter,201
enter,202
enter,203
enter,204
enter,205
enter,206
enter,207
enter,208
enter,209
enter,210
enter,211
enter,212
enter,213
enter,214
enter,215
enter,216
enter,217
enter,218
enter,219
enter,220
enter,221
enter,222
enter,223
enter,224
enter,225
enter,226
enter,227
enter,228
enter,229
enter,230
enter,231
enter,232
enter,233
enter,234
enter,235
enter,236
enter,237
enter,238
enter,239
enter,240
enter,241
enter,242
enter,243
enter,244
enter,245
enter,246
enter,247
enter,248
enter,249
enter,250
enter,251
enter,252
enter,253
enter,254
enter,255
enter,256
enter,257
enter,258
enter,259
enter,260
enter,261
enter,262
enter,263
enter,264
enter,265
enter,266
enter,267
enter,268
enter,269
enter,270
enter,271
enter,272
enter,273
enter,274
enter,275
enter,276
enter,277
enter,278
enter,279
enter,280
enter,281
enter,282
enter,283
enter,284
enter,285
enter,286
enter,287
enter,288
enter,289
enter,290
enter,291
enter,292
enter,293
enter,294
enter,295
enter,296
enter,297
enter,298
enter,299
enter,300
enter,301
enter,302
enter,303
enter,304
enter,305
enter,306
enter,307
enter,308
enter,309
enter,310
enter,311
enter,312
enter,313
enter,314
enter,315
enter,316
enter,317
enter,318
enter,319
enter,320
enter,321
enter,322
enter,323
enter,324
enter,325
enter,326
enter,327
enter,328
enter,329
enter,330
enter,331
enter,332
enter,333
enter,334
enter,335
enter,336
enter,337
enter,338
enter,339
enter,340
enter,341
enter,342
enter,343
enter,344
enter,345
enter,346
enter,347
enter,348
enter,349
enter,350
enter,351
enter,352
enter,353
enter,354
enter,355
enter,356
enter,357
enter,358
enter,359
enter,360
enter,361
enter,362
enter,363
enter,364
enter,365
enter,366
enter,367
enter,368
enter,369
enter,370
enter,371
enter,372
enter,373
enter,374
enter,375
enter,376
enter,377
enter,378
enter,379
enter,380
enter,381
enter,382
enter,383
enter,384
enter,385
enter,386
enter,387
enter,388
enter,389
enter,390
enter,391
enter,392
enter,393
enter,394
enter,395
enter,396
enter,397
enter,398
enter,399
enter,400
enter,401
enter,402
enter,403
enter,404
enter,405
enter,406
enter,407
enter,408
enter,409
enter,410
enter,411
enter,412
enter,413
enter,414
enter,415
enter,416
enter,417
enter,418
enter,419
enter,420
enter,421
enter,422
enter,423
enter,424
enter,425
enter,426
enter,427
enter,428
enter,429
enter,430
enter,431
enter,432
enter,433
enter,434
enter,435
enter,436
enter,437
enter,438
enter,439
enter,440
enter,441
enter,442
enter,443
enter,444
enter,445
enter,446
enter,447
enter,448
enter,449
enter,450
enter,451
enter,452
enter,453
enter,454
enter,455
enter,456
enter,457
enter,458
enter,459
enter,460
enter,461
enter,462
enter,463
enter,464
enter,465
enter,466
enter,467
enter,468
enter,469
enter,470
enter,471
enter,472
enter,473
enter,474
enter,475
enter,476
enter,477
enter,478
enter,479
enter,480
enter,481
enter,482
enter,483
enter,484
enter,485
enter,486
enter,487
enter,488
enter,489
enter,490
enter,491
enter,492
enter,493
enter,494
enter,495
enter,496
enter,497
enter,498
enter,499
enter,500
enter,501
enter,502
enter,503
enter,504
enter,505
enter,506
enter,507
enter,508
enter,509
enter,510
enter,511
enter,512
enter,513
enter,514
enter,515
enter,516
enter,517
enter,518
enter,519
enter,520
enter,521
enter,522
enter,523
enter,524
enter,525
enter,526
enter,527
enter,528
enter,529
enter,530
enter,531
enter,532
enter,533
enter,534
enter,535
enter,536
enter,537
enter,538
enter,539
enter,540
enter,541
enter,542
enter,543
enter,544
enter,545
enter,546
enter,547
enter,548
enter,549
enter,550
enter,551
enter,552
enter,553
enter,554
enter,555
enter,556
enter,557
enter,558
enter,559
enter,560
enter,561
enter,562
enter,563
enter,564
enter,565
enter,566
enter,567
enter,568
enter,569
enter,570
enter,571
enter,572
enter,573
enter,574
enter,575
enter,576
enter,577
enter,578
enter,579
enter,580
enter,581
enter,582
enter,583
enter,584
enter,585
enter,586
enter,587
enter,588
enter,589
enter,590
enter,591
enter,592
enter,593
enter,594
enter,595
enter,596
enter,597
enter,598
enter,599
enter,600
enter,601
enter,602
enter,603
enter,604
enter,605
enter,606
enter,607
enter,608
enter,609
enter,610
enter,611
enter,612
enter,613
enter,614
enter,615
enter,616
enter,617
enter,618
enter,619
enter,620
enter,621
enter,622
enter,623
enter,624
enter,625
enter,626
enter,627
enter,628
enter,629
enter,630
enter,631
enter,632
enter,633
enter,634
enter,635
enter,636
enter,637
enter,638
enter,639
enter,640
enter,641
enter,642
enter,643
enter,644
enter,645
enter,646
enter,647
enter,648
enter,649
enter,650
enter,651
enter,652
enter,653
enter,654
enter,655
enter,656
enter,657
enter,658
enter,659
enter,660
enter,661
enter,662
enter,663
enter,664
enter,665
enter,666
enter,667
enter,668
enter,669
enter,670
enter,671
enter,672
enter,673
enter,674
enter,675
enter,676
enter,677
enter,678
enter,679
enter,680
enter,681
enter,682
enter,683
enter,684
enter,685
enter,686
enter,687
enter,688
enter,689
enter,690
enter,691
enter,692
enter,693
enter,694
enter,695
enter,696
enter,697
enter,698
enter,699
enter,700
enter,701
enter,702
enter,703
enter,704
enter,705
enter,706
enter,707
enter,708
enter,709
enter,710
enter,711
enter,712
enter,713
enter,714
enter,715
enter,716
enter,717
enter,718
enter,719
enter,720
enter,721
enter,722
enter,723
enter,724
enter,725
enter,726
enter,727
enter,728
enter,729
enter,730
enter,731
enter,732
enter,733
enter,734
enter,735
enter,736
enter,737
enter,738
enter,739
enter,740
enter,741
enter,742
enter,743
enter,744
enter,745
enter,746
enter,747
enter,748
enter,749
enter,750
enter,751
enter,752
enter,753
enter,754
enter,755
enter,756
enter,757
enter,758
enter,759
enter,760
enter,761
enter,762
enter,763
enter,764
enter,765
enter,766
enter,767
enter,768
enter,769
enter,770
enter,771
enter,772
enter,773
enter,774
enter,775
enter,776
enter,777
enter,778
enter,779
enter,780
enter,781
enter,782
enter,783
enter,784
enter,785
enter,786
enter,787
enter,788
enter,789
enter,790
enter,791
enter,792
enter,793
enter,794
enter,795
enter,796
enter,797
enter,798
enter,799
enter,800
enter,801
enter,802
enter,803
enter,804
enter,805
enter,806
enter,807
enter,808
enter,809
enter,810
enter,811
enter,812
enter,813
enter,814
enter,815
enter,816
enter,817
enter,818
enter,819
enter,820
enter,821
enter,822
enter,823
enter,824
enter,825
enter,826
enter,827
enter,828
enter,829
enter,830
enter,831
enter,832
enter,833
enter,834
enter,835
enter,836
enter,837
enter,838
enter,839
enter,840
enter,841
enter,842
enter,843
enter,844
enter,845
enter,846
enter,847
enter,848
enter,849
enter,850
enter,851
enter,852
enter,853
enter,854
enter,855
enter,856
enter,857
enter,858
enter,859
enter,860
enter,861
enter,862
enter,863
enter,864
enter,865
enter,866
enter,867
enter,868
enter,869
enter,870
enter,871
enter,872
enter,873
enter,874
enter,875
enter,876
enter,877
enter,878
enter,879
enter,880
enter,881
enter,882
enter,883
enter,884
enter,885
enter,886
enter,887
enter,888
enter,889
enter,890
enter,891
enter,892
enter,893
enter,894
enter,895
enter,896
enter,897
enter,898
enter,899
enter,900
enter,901
enter,902
enter,903
enter,904
enter,905
enter,906
enter,907
enter,908
enter,909
enter,910
enter,911
enter,912
enter,913
enter,914
enter,915
enter,916
enter,917
enter,918
enter,919
enter,920
enter,921
enter,922
enter,923
enter,924
enter,925
enter,926
enter,927
enter,928
enter,929
enter,930
enter,931
enter,932
enter,933
enter,934
enter,935
enter,936
enter,937
enter,938
enter,939
enter,940
enter,941
enter,942
enter,943
enter,944
enter,945
enter,946
enter,947
enter,948
enter,949
enter,950
enter,951
enter,952
enter,953
enter,954
enter,955
enter,956
enter,957
enter,958
enter,959
enter,960
enter,961
enter,962
enter,963
enter,964
enter,965
enter,966
enter,967
enter,968
enter,969
enter,970
enter,971
enter,972
enter,973
enter,974
enter,975
enter,976
enter,977
enter,978
enter,979
enter,980
enter,981
enter,982
enter,983
enter,984
enter,985
enter,986
enter,987
enter,988
enter,989
enter,990
enter,991
enter,992
enter,993
enter,994
enter,995
enter,996
enter,997
enter,998
enter,999
enter,1000
enter,1001
enter,1002
enter,1003
enter,1004
enter,1005
enter,1006
enter,1007
enter,1008
enter,1009
enter,1010
enter,1011
enter,1012
enter,1013
enter,1014
enter,1015
enter,1016
enter,1017
enter,1018
enter,1019
enter,1020
enter,1021
enter,1022
enter,1023
enter,1024
enter,1025
enter,1026
enter,1027
enter,1028
enter,1029
enter,1030
enter,1031
enter,1032
enter,1033
enter,1034
enter,1035
enter,1036
enter,1037
enter,1038
enter,1039
enter,1040
enter,1041
enter,1042
enter,1043
enter,1044
enter,1045
enter,1046
enter,1047
enter,1048
enter,1049
enter,1050
enter,1051
enter,1052
enter,1053
enter,1054
enter,1055
enter,1056
enter,1057
enter,1058
enter,1059
enter,1060
enter,1061
enter,1062
enter,1063
enter,1064
enter,1065
enter,1066
enter,1067
enter,1068
enter,1069
enter,1070
enter,1071
enter,1072
enter,1073
enter,1074
enter,1075
enter,1076
enter,1077
enter,1078
enter,1079
enter,1080
enter,1081
enter,1082
enter,1083
enter,1084
enter,1085
enter,1086
enter,1087
enter,1088
enter,1089
enter,1090
enter,1091
enter,1092
enter,1093
enter,1094
enter,1095
enter,1096
enter,1097
enter,1098
enter,1099
enter,1100
enter,1101
enter,1102
enter,1103
enter,1104
enter,1105
enter,1106
enter,1107
enter,1108
enter,1109
enter,1110
enter,1111
enter,1112
enter,1113
enter,1114
enter,1115
enter,1116
enter,1117
enter,1118
enter,1119
enter,1120
enter,1121
enter,1122
enter,1123
enter,1124
enter,1125
enter,1126
enter,1127
enter,1128
enter,1129
enter,1130
enter,1131
enter,1132
enter,1133
enter,1134
enter,1135
enter,1136
enter,1137
enter,1138
enter,1139
enter,1140
enter,1141
enter,1142
enter,1143
enter,1144
enter,1145
enter,1146
enter,1147
enter,1148
enter,1149
enter,1150
enter,1151
enter,1152
enter,1153
enter,1154
enter,1155
enter,1156
enter,1157
enter,1158
enter,1159
enter,1160
enter,1161
enter,1162
enter,1163
enter,1164
enter,1165
enter,1166
enter,1167
enter,1168
enter,1169
enter,1170
enter,1171
enter,1172
enter,1173
enter,1174
enter,1175
enter,1176
enter,1177
enter,1178
enter,1179
enter,1180
enter,1181
enter,1182
enter,1183
enter,1184
enter,1185
enter,1186
enter,1187
enter,1188
enter,1189
enter,1190
enter,1191
enter,1192
enter,1193
enter,1194
enter,1195
enter,1196
enter,1197
enter,1198
enter,1199
enter,1200
enter,1201
enter,1202
enter,1203
enter,1204
enter,1205
enter,1206
enter,1207
enter,1208
enter,1209
enter,1210
enter,1211
enter,1212
enter,1213
enter,1214
enter,1215
enter,1216
enter,1217
enter,1218
enter,1219
enter,1220
enter,1221
enter,1222
enter,1223
enter,1224
enter,1225
enter,1226
enter,1227
enter,1228
enter,1229
enter,1230
enter,1231
enter,1232
enter,1233
enter,1234
enter,1235
enter,1236
enter,1237
enter,1238
enter,1239
enter,1240
enter,1241
enter,1242
enter,1243
enter,1244
enter,1245
enter,1246
enter,1247
enter,1248
enter,1249
enter,1250
enter,1251
enter,1252
enter,1253
enter,1254
enter,1255
enter,1256
enter,1257
enter,1258
enter,1259
enter,1260
enter,1261
enter,1262
enter,1263
enter,1264
enter,1265
enter,1266
enter,1267
enter,1268
enter,1269
enter,1270
enter,1271
enter,1272
enter,1273
enter,1274
enter,1275
enter,1276
enter,1277
enter,1278
enter,1279
enter,1280
enter,1281
enter,1282
enter,1283
enter,1284
enter,1285
enter,1286
enter,1287
enter,1288
enter,1289
enter,1290
enter,1291
enter,1292
enter,1293
enter,1294
enter,1295
enter,1296
enter,1297
enter,1298
enter,1299
enter,1300
enter,1301
enter,1302
enter,1303
enter,1304
enter,1305
enter,1306
enter,1307
enter,1308
enter,1309
enter,1310
enter,1311
enter,1312
enter,1313
enter,1314
enter,1315
enter,1316
enter,1317
enter,1318
enter,1319
enter,1320
enter,1321
enter,1322
enter,1323
enter,1324
enter,1325
enter,1326
enter,1327
enter,1328
enter,1329
enter,1330
enter,1331
enter,1332
enter,1333
enter,1334
enter,1335
enter,1336
enter,1337
enter,1338
enter,1339
enter,1340
enter,1341
enter,1342
enter,1343
enter,1344
enter,1345
enter,1346
enter,1347
enter,1348
enter,1349
enter,1350
enter,1351
enter,1352
enter,1353
enter,1354
enter,1355
enter,1356
enter,1357
enter,1358
enter,1359
enter,1360
enter,1361
enter,1362
enter,1363
enter,1364
enter,1365
enter,1366
enter,1367
enter,1368
enter,1369
enter,1370
enter,1371
enter,1372
enter,1373
enter,1374
enter,1375
enter,1376
enter,1377
enter,1378
enter,1379
enter,1380
enter,1381
enter,1382
enter,1383
enter,1384
enter,1385
enter,1386
enter,1387
enter,1388
enter,1389
enter,1390
enter,1391
enter,1392
enter,1393
enter,1394
enter,1395
enter,1396
enter,1397
enter,1398
enter,1399
enter,1400
enter,1401
enter,1402
enter,1403
enter,1404
enter,1405
enter,1406
enter,1407
enter,1408
enter,1409
enter,1410
enter,1411
enter,1412
enter,1413
enter,1414
enter,1415
enter,1416
enter,1417
enter,1418
enter,1419
enter,1420
enter,1421
enter,1422
enter,1423
enter,1424
enter,1425
enter,1426
enter,1427
enter,1428
enter,1429
enter,1430
enter,1431
enter,1432
enter,1433
enter,1434
enter,1435
enter,1436
enter,1437
enter,1438
enter,1439
enter,1440
enter,1441
enter,1442
enter,1443
enter,1444
enter,1445
enter,1446
enter,1447
enter,1448
enter,1449
enter,1450
enter,1451
enter,1452
enter,1453
enter,1454
enter,1455
enter,1456
enter,1457
enter,1458
enter,1459
enter,1460
enter,1461
enter,1462
enter,1463
enter,1464
enter,1465
enter,1466
enter,1467
enter,1468
enter,1469
enter,1470
enter,1471
enter,1472
enter,1473
enter,1474
enter,1475
enter,1476
enter,1477
enter,1478
enter,1479
enter,1480
enter,1481
enter,1482
enter,1483
enter,1484
enter,1485
enter,1486
enter,1487
enter,1488
enter,1489
enter,1490
enter,1491
enter,1492
enter,1493
enter,1494
enter,1495
enter,1496
enter,1497
enter,1498
enter,1499
enter,1500
enter,1501
enter,1502
enter,1503
enter,1504
enter,1505
enter,1506
enter,1507
enter,1508
enter,1509
enter,1510
enter,1511
enter,1512
enter,1513
enter,1514
enter,1515
enter,1516
enter,1517
enter,1518
enter,1519
enter,1520
enter,1521
enter,1522
enter,1523
enter,1524
enter,1525
enter,1526
enter,1527
enter,1528
enter,1529
enter,1530
enter,1531
enter,1532
enter,1533
enter,1534
enter,1535
enter,1536
enter,1537
enter,1538
enter,1539
enter,1540
enter,1541
enter,1542
enter,1543
enter,1544
enter,1545
enter,1546
enter,1547
enter,1548
enter,1549
enter,1550
enter,1551
enter,1552
enter,1553
enter,1554
enter,1555
enter,1556
enter,1557
enter,1558
enter,1559
enter,1560
enter,1561
enter,1562
enter,1563
enter,1564
enter,1565
enter,1566
enter,1567
enter,1568
enter,1569
enter,1570
enter,1571
enter,1572
enter,1573
enter,1574
enter,1575
enter,1576
enter,1577
enter,1578
enter,1579
enter,1580
enter,1581
enter,1582
enter,1583
enter,1584
enter,1585
enter,1586
enter,1587
enter,1588
enter,1589
enter,1590
enter,1591
enter,1592
enter,1593
enter,1594
enter,1595
enter,1596
enter,1597
enter,1598
enter,1599
enter,1600
enter,1601
enter,1602
enter,1603
enter,1604
enter,1605
enter,1606
enter,1607
enter,1608
enter,1609
enter,1610
enter,1611
enter,1612
enter,1613
enter,1614
enter,1615
enter,1616
enter,1617
enter,1618
enter,1619
enter,1620
enter,1621
enter,1622
enter,1623
enter,1624
enter,1625
enter,1626
enter,1627
enter,1628
enter,1629
enter,1630
enter,1631
enter,1632
enter,1633
enter,1634
enter,1635
enter,1636
enter,1637
enter,1638
enter,1639
enter,1640
enter,1641
enter,1642
enter,1643
enter,1644
enter,1645
enter,1646
enter,1647
enter,1648
enter,1649
enter,1650
enter,1651
enter,1652
enter,1653
enter,1654
enter,1655
enter,1656
enter,1657
enter,1658
enter,1659
enter,1660
enter,1661
enter,1662
enter,1663
enter,1664
enter,1665
enter,1666
enter,1667
enter,1668
enter,1669
enter,1670
enter,1671
enter,1672
enter,1673
enter,1674
enter,1675
enter,1676
enter,1677
enter,1678
enter,1679
enter,1680
enter,1681
enter,1682
enter,1683
enter,1684
enter,1685
enter,1686
enter,1687
enter,1688
enter,1689
enter,1690
enter,1691
enter,1692
enter,1693
enter,1694
enter,1695
enter,1696
enter,1697
enter,1698
enter,1699
enter,1700
enter,1701
enter,1702
enter,1703
enter,1704
enter,1705
enter,1706
enter,1707
enter,1708
enter,1709
enter,1710
enter,1711
enter,1712
enter,1713
enter,1714
enter,1715
enter,1716
enter,1717
enter,1718
enter,1719
enter,1720
enter,1721
enter,1722
enter,1723
enter,1724
enter,1725
enter,1726
enter,1727
enter,1728
enter,1729
enter,1730
enter,1731
enter,1732
enter,1733
enter,1734
enter,1735
enter,1736
enter,1737
enter,1738
enter,1739
enter,1740
enter,1741
enter,1742
enter,1743
enter,1744
enter,1745
enter,1746
enter,1747
enter,1748
enter,1749
enter,1750
enter,1751
enter,1752
enter,1753
enter,1754
enter,1755
enter,1756
enter,1757
enter,1758
enter,1759
enter,1760
enter,1761
enter,1762
enter,1763
enter,1764
enter,1765
enter,1766
enter,1767
enter,1768
enter,1769
enter,1770
enter,1771
enter,1772
enter,1773
enter,1774
enter,1775
enter,1776
enter,1777
enter,1778
enter,1779
enter,1780
enter,1781
enter,1782
enter,1783
enter,1784
enter,1785
enter,1786
enter,1787
enter,1788
enter,1789
enter,1790
enter,1791
enter,1792
enter,1793
enter,1794
enter,1795
enter,1796
enter,1797
enter,1798
enter,1799
enter,1800
enter,1801
enter,1802
enter,1803
enter,1804
enter,1805
enter,1806
enter,1807
enter,1808
enter,1809
enter,1810
enter,1811
enter,1812
enter,1813
enter,1814
enter,1815
enter,1816
enter,1817
enter,1818
enter,1819
enter,1820
enter,1821
enter,1822
enter,1823
enter,1824
enter,1825
enter,1826
enter,1827
enter,1828
enter,1829
enter,1830
enter,1831
enter,1832
enter,1833
enter,1834
enter,1835
enter,1836
enter,1837
enter,1838
enter,1839
enter,1840
enter,1841
enter,1842
enter,1843
enter,1844
enter,1845
enter,1846
enter,1847
enter,1848
enter,1849
enter,1850
enter,1851
enter,1852
enter,1853
enter,1854
enter,1855
enter,1856
enter,1857
enter,1858
enter,1859
enter,1860
enter,1861
enter,1862
enter,1863
enter,1864
enter,1865
enter,1866
enter,1867
enter,1868
enter,1869
enter,1870
enter,1871
enter,1872
enter,1873
enter,1874
enter,1875
enter,1876
enter,1877
enter,1878
enter,1879
enter,1880
enter,1881
enter,1882
enter,1883
enter,1884
enter,1885
enter,1886
enter,1887
enter,1888
enter,1889
enter,1890
enter,1891
enter,1892
enter,1893
enter,1894
enter,1895
enter,1896
enter,1897
enter,1898
enter,1899
enter,1900
enter,1901
enter,1902
enter,1903
enter,1904
enter,1905
enter,1906
enter,1907
enter,1908
enter,1909
enter,1910
enter,1911
enter,1912
enter,1913
enter,1914
enter,1915
enter,1916
enter,1917
enter,1918
enter,1919
enter,1920
enter,1921
enter,1922
enter,1923
enter,1924
enter,1925
enter,1926
enter,1927
enter,1928
enter,1929
enter,1930
enter,1931
enter,1932
enter,1933
enter,1934
enter,1935
enter,1936
enter,1937
enter,1938
enter,1939
enter,1940
enter,1941
enter,1942
enter,1943
enter,1944
enter,1945
enter,1946
enter,1947
enter,1948
enter,1949
enter,1950
enter,1951
enter,1952
enter,1953
enter,1954
enter,1955
enter,1956
enter,1957
enter,1958
enter,1959
enter,1960
enter,1961
enter,1962
enter,1963
enter,1964
enter,1965
enter,1966
enter,1967
enter,1968
enter,1969
enter,1970
enter,1971
enter,1972
enter,1973
enter,1974
enter,1975
enter,1976
enter,1977
enter,1978
enter,1979
enter,1980
enter,1981
enter,1982
enter,1983
enter,1984
enter,1985
enter,1986
enter,1987
enter,1988
enter,1989
enter,1990
enter,1991
enter,1992
enter,1993
enter,1994
enter,1995
enter,1996
enter,1997
enter,1998
enter,1999
enter,2000
enter,2001
enter,2002
enter,2003
enter,2004
enter,2005
enter,2006
enter,2007
enter,2008
enter,2009
enter,2010
enter,2011
enter,2012
enter,2013
enter,2014
enter,2015
enter,2016
enter,2017
enter,2018
enter,2019
enter,2020
enter,2021
enter,2022
enter,2023
enter,2024
enter,2025
enter,2026
enter,2027
enter,2028
enter,2029
enter,2030
enter,2031
enter,2032
enter,2033
enter,2034
enter,2035
enter,2036
enter,2037
enter,2038
enter,2039
enter,2040
enter,2041
enter,2042
enter,2043
enter,2044
enter,2045
enter,2046
enter,2047
enter,2048
enter,2049
enter,2050
enter,2051
enter,2052
enter,2053
enter,2054
enter,2055
enter,2056
enter,2057
enter,2058
enter,2059
enter,2060
enter,2061
enter,2062
enter,2063
enter,2064
enter,2065
enter,2066
enter,2067
enter,2068
enter,2069
enter,2070
enter,2071
enter,2072
enter,2073
enter,2074
enter,2075
enter,2076
enter,2077
enter,2078
enter,2079
enter,2080
enter,2081
enter,2082
enter,2083
enter,2084
enter,2085
enter,2086
enter,2087
enter,2088
enter,2089
enter,2090
enter,2091
enter,2092
enter,2093
enter,2094
enter,2095
enter,2096
enter,2097
enter,2098
enter,2099
enter,2100
enter,2101
enter,2102
enter,2103
enter,2104
enter,2105
enter,2106
enter,2107
enter,2108
enter,2109
enter,2110
enter,2111
enter,2112
enter,2113
enter,2114
enter,2115
enter,2116
enter,2117
enter,2118
enter,2119
enter,2120
enter,2121
enter,2122
enter,2123
enter,2124
enter,2125
enter,2126
enter,2127
enter,2128
enter,2129
enter,2130
enter,2131
enter,2132
enter,2133
enter,2134
enter,2135
enter,2136
enter,2137
enter,2138
enter,2139
enter,2140
enter,2141
enter,2142
enter,2143
enter,2144
enter,2145
enter,2146
enter,2147
enter,2148
enter,2149
enter,2150
enter,2151
enter,2152
enter,2153
enter,2154
enter,2155
enter,2156
enter,2157
enter,2158
enter,2159
enter,2160
enter,2161
enter,2162
enter,2163
enter,2164
enter,2165
enter,2166
enter,2167
enter,2168
enter,2169
enter,2170
enter,2171
enter,2172
enter,2173
enter,2174
enter,2175
enter,2176
enter,2177
enter,2178
enter,2179
enter,2180
enter,2181
enter,2182
enter,2183
enter,2184
enter,2185
enter,2186
enter,2187
enter,2188
enter,2189
enter,2190
enter,2191
enter,2192
enter,2193
enter,2194
enter,2195
enter,2196
enter,2197
enter,2198
enter,2199
enter,2200
enter,2201
enter,2202
enter,2203
enter,2204
enter,2205
enter,2206
enter,2207
enter,2208
enter,2209
enter,2210
enter,2211
enter,2212
enter,2213
enter,2214
enter,2215
enter,2216
enter,2217
enter,2218
enter,2219
enter,2220
enter,2221
enter,2222
enter,2223
enter,2224
enter,2225
enter,2226
enter,2227
enter,2228
enter,2229
enter,2230
enter,2231
enter,2232
enter,2233
enter,2234
enter,2235
enter,2236
enter,2237
enter,2238
enter,2239
enter,2240
enter,2241
enter,2242
enter,2243
enter,2244
enter,2245
enter,2246
enter,2247
enter,2248
enter,2249
enter,2250
enter,2251
enter,2252
enter,2253
enter,2254
enter,2255
enter,2256
enter,2257
enter,2258
enter,2259
enter,2260
enter,2261
enter,2262
enter,2263
enter,2264
enter,2265
enter,2266
enter,2267
enter,2268
enter,2269
enter,2270
enter,2271
enter,2272
enter,2273
enter,2274
enter,2275
enter,2276
enter,2277
enter,2278
enter,2279
enter,2280
enter,2281
enter,2282
enter,2283
enter,2284
enter,2285
enter,2286
enter,2287
enter,2288
enter,2289
enter,2290
enter,2291
enter,2292
enter,2293
enter,2294
enter,2295
enter,2296
enter,2297
enter,2298
enter,2299
enter,2300
enter,2301
enter,2302
enter,2303
enter,2304
enter,2305
enter,2306
enter,2307
enter,2308
enter,2309
enter,2310
enter,2311
enter,2312
enter,2313
enter,2314
enter,2315
enter,2316
enter,2317
enter,2318
enter,2319
enter,2320
enter,2321
enter,2322
enter,2323
enter,2324
enter,2325
enter,2326
enter,2327
enter,2328
enter,2329
enter,2330
enter,2331
enter,2332
enter,2333
enter,2334
enter,2335
enter,2336
enter,2337
enter,2338
enter,2339
enter,2340
enter,2341
enter,2342
enter,2343
enter,2344
enter,2345
enter,2346
enter,2347
enter,2348
enter,2349
enter,2350
enter,2351
enter,2352
enter,2353
enter,2354
enter,2355
enter,2356
enter,2357
enter,2358
enter,2359
enter,2360
enter,2361
enter,2362
enter,2363
enter,2364
enter,2365
enter,2366
enter,2367
enter,2368
enter,2369
enter,2370
enter,2371
enter,2372
enter,2373
enter,2374
enter,2375
enter,2376
enter,2377
enter,2378
enter,2379
enter,2380
enter,2381
enter,2382
enter,2383
enter,2384
enter,2385
enter,2386
enter,2387
enter,2388
enter,2389
enter,2390
enter,2391
enter,2392
enter,2393
enter,2394
enter,2395
enter,2396
enter,2397
enter,2398
enter,2399
enter,2400
enter,2401
enter,2402
enter,2403
enter,2404
enter,2405
enter,2406
enter,2407
enter,2408
enter,2409
enter,2410
enter,2411
enter,2412
enter,2413
enter,2414
enter,2415
enter,2416
enter,2417
enter,2418
enter,2419
enter,2420
enter,2421
enter,2422
enter,2423
enter,2424
enter,2425
enter,2426
enter,2427
enter,2428
enter,2429
enter,2430
enter,2431
enter,2432
enter,2433
enter,2434
enter,2435
enter,2436
enter,2437
enter,2438
enter,2439
enter,2440
enter,2441
enter,2442
enter,2443
enter,2444
enter,2445
enter,2446
enter,2447
enter,2448
enter,2449
enter,2450
enter,2451
enter,2452
enter,2453
enter,2454
enter,2455
enter,2456
enter,2457
enter,2458
enter,2459
enter,2460
enter,2461
enter,2462
enter,2463
enter,2464
enter,2465
enter,2466
enter,2467
enter,2468
enter,2469
enter,2470
enter,2471
enter,2472
enter,2473
enter,2474
enter,2475
enter,2476
enter,2477
enter,2478
enter,2479
enter,2480
enter,2481
enter,2482
enter,2483
enter,2484
enter,2485
enter,2486
enter,2487
enter,2488
enter,2489
enter,2490
enter,2491
enter,2492
enter,2493
enter,2494
enter,2495
enter,2496
enter,2497
enter,2498
enter,2499
enter,2500
enter,2501
enter,2502
enter,2503
enter,2504
enter,2505
enter,2506
enter,2507
enter,2508
enter,2509
enter,2510
enter,2511
enter,2512
enter,2513
enter,2514
enter,2515
enter,2516
enter,2517
enter,2518
enter,2519
enter,2520
enter,2521
enter,2522
enter,2523
enter,2524
enter,2525
enter,2526
enter,2527
enter,2528
enter,2529
enter,2530
enter,2531
enter,2532
enter,2533
enter,2534
enter,2535
enter,2536
enter,2537
enter,2538
enter,2539
enter,2540
enter,2541
enter,2542
enter,2543
enter,2544
enter,2545
enter,2546
enter,2547
enter,2548
enter,2549
enter,2550
enter,2551
enter,2552
enter,2553
enter,2554
enter,2555
enter,2556
enter,2557
enter,2558
enter,2559
enter,2560
enter,2561
enter,2562
enter,2563
enter,2564
enter,2565
enter,2566
enter,2567
enter,2568
enter,2569
enter,2570
enter,2571
enter,2572
enter,2573
enter,2574
enter,2575
enter,2576
enter,2577
enter,2578
enter,2579
enter,2580
enter,2581
enter,2582
enter,2583
enter,2584
enter,2585
enter,2586
enter,2587
enter,2588
enter,2589
enter,2590
enter,2591
enter,2592
enter,2593
enter,2594
enter,2595
enter,2596
enter,2597
enter,2598
enter,2599
enter,2600
enter,2601
enter,2602
enter,2603
enter,2604
enter,2605
enter,2606
enter,2607
enter,2608
enter,2609
enter,2610
enter,2611
enter,2612
enter,2613
enter,2614
enter,2615
enter,2616
enter,2617
enter,2618
enter,2619
enter,2620
enter,2621
enter,2622
enter,2623
enter,2624
enter,2625
enter,2626
enter,2627
enter,2628
enter,2629
enter,2630
enter,2631
enter,2632
enter,2633
enter,2634
enter,2635
enter,2636
enter,2637
enter,2638
enter,2639
enter,2640
enter,2641
enter,2642
enter,2643
enter,2644
enter,2645
enter,2646
enter,2647
enter,2648
enter,2649
enter,2650
enter,2651
enter,2652
enter,2653
enter,2654
enter,2655
enter,2656
enter,2657
enter,2658
enter,2659
enter,2660
enter,2661
enter,2662
enter,2663
enter,2664
enter,2665
enter,2666
enter,2667
enter,2668
enter,2669
enter,2670
enter,2671
enter,2672
enter,2673
enter,2674
enter,2675
enter,2676
enter,2677
enter,2678
enter,2679
enter,2680
enter,2681
enter,2682
enter,2683
enter,2684
enter,2685
enter,2686
enter,2687
enter,2688
enter,2689
enter,2690
enter,2691
enter,2692
enter,2693
enter,2694
enter,2695
enter,2696
enter,2697
enter,2698
enter,2699
enter,2700
enter,2701
enter,2702
enter,2703
enter,2704
enter,2705
enter,2706
enter,2707
enter,2708
enter,2709
enter,2710
enter,2711
enter,2712
enter,2713
enter,2714
enter,2715
enter,2716
enter,2717
enter,2718
enter,2719
enter,2720
enter,2721
enter,2722
enter,2723
enter,2724
enter,2725
enter,2726
enter,2727
enter,2728
enter,2729
enter,2730
enter,2731
enter,2732
enter,2733
enter,2734
enter,2735
enter,2736
enter,2737
enter,2738
enter,2739
enter,2740
enter,2741
enter,2742
enter,2743
enter,2744
enter,2745
enter,2746
enter,2747
enter,2748
enter,2749
enter,2750
enter,2751
enter,2752
enter,2753
enter,2754
enter,2755
enter,2756
enter,2757
enter,2758
enter,2759
enter,2760
enter,2761
enter,2762
enter,2763
enter,2764
enter,2765
enter,2766
enter,2767
enter,2768
enter,2769
enter,2770
enter,2771
enter,2772
enter,2773
enter,2774
enter,2775
enter,2776
enter,2777
enter,2778
enter,2779
enter,2780
enter,2781
enter,2782
enter,2783
enter,2784
enter,2785
enter,2786
enter,2787
enter,2788
enter,2789
enter,2790
enter,2791
enter,2792
enter,2793
enter,2794
enter,2795
enter,2796
enter,2797
enter,2798
enter,2799
enter,2800
enter,2801
enter,2802
enter,2803
enter,2804
enter,2805
enter,2806
enter,2807
enter,2808
enter,2809
enter,2810
enter,2811
enter,2812
enter,2813
enter,2814
enter,2815
enter,2816
enter,2817
enter,2818
enter,2819
enter,2820
enter,2821
enter,2822
enter,2823
enter,2824
enter,2825
enter,2826
enter,2827
enter,2828
enter,2829
enter,2830
enter,2831
enter,2832
enter,2833
enter,2834
enter,2835
enter,2836
enter,2837
enter,2838
enter,2839
enter,2840
enter,2841
enter,2842
enter,2843
enter,2844
enter,2845
enter,2846
enter,2847
enter,2848
enter,2849
enter,2850
enter,2851
enter,2852
enter,2853
enter,2854
enter,2855
enter,2856
enter,2857
enter,2858
enter,2859
enter,2860
enter,2861
enter,2862
enter,2863
enter,2864
enter,2865
enter,2866
enter,2867
enter,2868
enter,2869
enter,2870
enter,2871
enter,2872
enter,2873
enter,2874
enter,2875
enter,2876
enter,2877
enter,2878
enter,2879
enter,2880
enter,2881
enter,2882
enter,2883
enter,2884
enter,2885
enter,2886
enter,2887
enter,2888
enter,2889
enter,2890
enter,2891
enter,2892
enter,2893
enter,2894
enter,2895
enter,2896
enter,2897
enter,2898
enter,2899
enter,2900
enter,2901
enter,2902
enter,2903
enter,2904
enter,2905
enter,2906
enter,2907
enter,2908
enter,2909
enter,2910
enter,2911
enter,2912
enter,2913
enter,2914
enter,2915
enter,2916
enter,2917
enter,2918
enter,2919
enter,2920
enter,2921
enter,2922
enter,2923
enter,2924
enter,2925
enter,2926
enter,2927
enter,2928
enter,2929
enter,2930
enter,2931
enter,2932
enter,2933
enter,2934
enter,2935
enter,2936
enter,2937
enter,2938
enter,2939
enter,2940
enter,2941
enter,2942
enter,2943
enter,2944
enter,2945
enter,2946
enter,2947
enter,2948
enter,2949
enter,2950
enter,2951
enter,2952
enter,2953
enter,2954
enter,2955
enter,2956
enter,2957
enter,2958
enter,2959
enter,2960
enter,2961
enter,2962
enter,2963
enter,2964
enter,2965
enter,2966
enter,2967
enter,2968
enter,2969
enter,2970
enter,2971
enter,2972
enter,2973
enter,2974
enter,2975
enter,2976
enter,2977
enter,2978
enter,2979
enter,2980
enter,2981
enter,2982
enter,2983
enter,2984
enter,2985
enter,2986
enter,2987
enter,2988
enter,2989
enter,2990
enter,2991
enter,2992
enter,2993
enter,2994
enter,2995
enter,2996
enter,2997
enter,2998
enter,2999
enter,3000
enter,3001
enter,3002
enter,3003
enter,3004
enter,3005
enter,3006
enter,3007
enter,3008
enter,3009
enter,3010
enter,3011
enter,3012
enter,3013
enter,3014
enter,3015
enter,3016
enter,3017
enter,3018
enter,3019
enter,3020
enter,3021
enter,3022
enter,3023
enter,3024
enter,3025
enter,3026
enter,3027
enter,3028
enter,3029
enter,3030
enter,3031
enter,3032
enter,3033
enter,3034
enter,3035
enter,3036
enter,3037
enter,3038
enter,3039
enter,3040
enter,3041
enter,3042
enter,3043
enter,3044
enter,3045
enter,3046
enter,3047
enter,3048
enter,3049
enter,3050
enter,3051
enter,3052
enter,3053
enter,3054
enter,3055
enter,3056
enter,3057
enter,3058
enter,3059
enter,3060
enter,3061
enter,3062
enter,3063
enter,3064
enter,3065
enter,3066
enter,3067
enter,3068
enter,3069
enter,3070
enter,3071
enter,3072
enter,3073
enter,3074
enter,3075
enter,3076
enter,3077
enter,3078
enter,3079
enter,3080
enter,3081
enter,3082
enter,3083
enter,3084
enter,3085
enter,3086
enter,3087
enter,3088
enter,3089
enter,3090
enter,3091
enter,3092
enter,3093
enter,3094
enter,3095
enter,3096
enter,3097
enter,3098
enter,3099
enter,3100
enter,3101
enter,3102
enter,3103
enter,3104
enter,3105
enter,3106
enter,3107
enter,3108
enter,3109
enter,3110
enter,3111
enter,3112
enter,3113
enter,3114
enter,3115
enter,3116
enter,3117
enter,3118
enter,3119
enter,3120
enter,3121
enter,3122
enter,3123
enter,3124
enter,3125
enter,3126
enter,3127
enter,3128
enter,3129
enter,3130
enter,3131
enter,3132
enter,3133
enter,3134
enter,3135
enter,3136
enter,3137
enter,3138
enter,3139
enter,3140
enter,3141
enter,3142
enter,3143
enter,3144
enter,3145
enter,3146
enter,3147
enter,3148
enter,3149
enter,3150
enter,3151
enter,3152
enter,3153
enter,3154
enter,3155
enter,3156
enter,3157
enter,3158
enter,3159
enter,3160
enter,3161
enter,3162
enter,3163
enter,3164
enter,3165
enter,3166
enter,3167
enter,3168
enter,3169
enter,3170
enter,3171
enter,3172
enter,3173
enter,3174
enter,3175
enter,3176
enter,3177
enter,3178
enter,3179
enter,3180
enter,3181
enter,3182
enter,3183
enter,3184
enter,3185
enter,3186
enter,3187
enter,3188
enter,3189
enter,3190
enter,3191
enter,3192
enter,3193
enter,3194
enter,3195
enter,3196
enter,3197
enter,3198
enter,3199
enter,3200
enter,3201
enter,3202
enter,3203
enter,3204
enter,3205
enter,3206
enter,3207
enter,3208
enter,3209
enter,3210
enter,3211
enter,3212
enter,3213
enter,3214
enter,3215
enter,3216
enter,3217
enter,3218
enter,3219
enter,3220
enter,3221
enter,3222
enter,3223
enter,3224
enter,3225
enter,3226
enter,3227
enter,3228
enter,3229
enter,3230
enter,3231
enter,3232
enter,3233
enter,3234
enter,3235
enter,3236
enter,3237
enter,3238
enter,3239
enter,3240
enter,3241
enter,3242
enter,3243
enter,3244
enter,3245
enter,3246
enter,3247
enter,3248
enter,3249
enter,3250
enter,3251
enter,3252
enter,3253
enter,3254
enter,3255
enter,3256
enter,3257
enter,3258
enter,3259
enter,3260
enter,3261
enter,3262
enter,3263
enter,3264
enter,3265
enter,3266
enter,3267
enter,3268
enter,3269
enter,3270
enter,3271
enter,3272
enter,3273
enter,3274
enter,3275
enter,3276
enter,3277
enter,3278
enter,3279
enter,3280
enter,3281
enter,3282
enter,3283
enter,3284
enter,3285
enter,3286
enter,3287
enter,3288
enter,3289
enter,3290
enter,3291
enter,3292
enter,3293
enter,3294
enter,3295
enter,3296
enter,3297
enter,3298
enter,3299
enter,3300
enter,3301
enter,3302
enter,3303
enter,3304
enter,3305
enter,3306
enter,3307
enter,3308
enter,3309
enter,3310
enter,3311
enter,3312
enter,3313
enter,3314
enter,3315
enter,3316
enter,3317
enter,3318
enter,3319
enter,3320
enter,3321
enter,3322
enter,3323
enter,3324
enter,3325
enter,3326
enter,3327
enter,3328
enter,3329
enter,3330
enter,3331
enter,3332
enter,3333
enter,3334
enter,3335
enter,3336
enter,3337
enter,3338
enter,3339
enter,3340
enter,3341
enter,3342
enter,3343
enter,3344
enter,3345
enter,3346
enter,3347
enter,3348
enter,3349
enter,3350
enter,3351
enter,3352
enter,3353
enter,3354
enter,3355
enter,3356
enter,3357
enter,3358
enter,3359
enter,3360
enter,3361
enter,3362
enter,3363
enter,3364
enter,3365
enter,3366
enter,3367
enter,3368
enter,3369
enter,3370
enter,3371
enter,3372
enter,3373
enter,3374
enter,3375
enter,3376
enter,3377
enter,3378
enter,3379
enter,3380
enter,3381
enter,3382
enter,3383
enter,3384
enter,3385
enter,3386
enter,3387
enter,3388
enter,3389
enter,3390
enter,3391
enter,3392
enter,3393
enter,3394
enter,3395
enter,3396
enter,3397
enter,3398
enter,3399
enter,3400
enter,3401
enter,3402
enter,3403
enter,3404
enter,3405
enter,3406
enter,3407
enter,3408
enter,3409
enter,3410
enter,3411
enter,3412
enter,3413
enter,3414
enter,3415
enter,3416
enter,3417
enter,3418
enter,3419
enter,3420
enter,3421
enter,3422
enter,3423
enter,3424
enter,3425
enter,3426
enter,3427
enter,3428
enter,3429
enter,3430
enter,3431
enter,3432
enter,3433
enter,3434
enter,3435
enter,3436
enter,3437
enter,3438
enter,3439
enter,3440
enter,3441
enter,3442
enter,3443
enter,3444
enter,3445
enter,3446
enter,3447
enter,3448
enter,3449
enter,3450
enter,3451
enter,3452
enter,3453
enter,3454
enter,3455
enter,3456
enter,3457
enter,3458
enter,3459
enter,3460
enter,3461
enter,3462
enter,3463
enter,3464
enter,3465
enter,3466
enter,3467
enter,3468
enter,3469
enter,3470
enter,3471
enter,3472
enter,3473
enter,3474
enter,3475
enter,3476
enter,3477
enter,3478
enter,3479
enter,3480
enter,3481
enter,3482
enter,3483
enter,3484
enter,3485
enter,3486
enter,3487
enter,3488
enter,3489
enter,3490
enter,3491
enter,3492
enter,3493
enter,3494
enter,3495
enter,3496
enter,3497
enter,3498
enter,3499
enter,3500
enter,3501
enter,3502
enter,3503
enter,3504
enter,3505
enter,3506
enter,3507
enter,3508
enter,3509
enter,3510
enter,3511
enter,3512
enter,3513
enter,3514
enter,3515
enter,3516
enter,3517
enter,3518
enter,3519
enter,3520
enter,3521
enter,3522
enter,3523
enter,3524
enter,3525
enter,3526
enter,3527
enter,3528
enter,3529
enter,3530
enter,3531
enter,3532
enter,3533
enter,3534
enter,3535
enter,3536
enter,3537
enter,3538
enter,3539
enter,3540
enter,3541
enter,3542
enter,3543
enter,3544
enter,3545
enter,3546
enter,3547
enter,3548
enter,3549
enter,3550
enter,3551
enter,3552
enter,3553
enter,3554
enter,3555
enter,3556
enter,3557
enter,3558
enter,3559
enter,3560
enter,3561
enter,3562
enter,3563
enter,3564
enter,3565
enter,3566
enter,3567
enter,3568
enter,3569
enter,3570
enter,3571
enter,3572
enter,3573
enter,3574
enter,3575
enter,3576
enter,3577
enter,3578
enter,3579
enter,3580
enter,3581
enter,3582
enter,3583
enter,3584
enter,3585
enter,3586
enter,3587
enter,3588
enter,3589
enter,3590
enter,3591
enter,3592
enter,3593
enter,3594
enter,3595
enter,3596
enter,3597
enter,3598
enter,3599
enter,3600
enter,3601
enter,3602
enter,3603
enter,3604
enter,3605
enter,3606
enter,3607
enter,3608
enter,3609
enter,3610
enter,3611
enter,3612
enter,3613
enter,3614
enter,3615
enter,3616
enter,3617
enter,3618
enter,3619
enter,3620
enter,3621
enter,3622
enter,3623
enter,3624
enter,3625
enter,3626
enter,3627
enter,3628
enter,3629
enter,3630
enter,3631
enter,3632
enter,3633
enter,3634
enter,3635
enter,3636
enter,3637
enter,3638
enter,3639
enter,3640
enter,3641
enter,3642
enter,3643
enter,3644
enter,3645
enter,3646
enter,3647
enter,3648
enter,3649
enter,3650
enter,3651
enter,3652
enter,3653
enter,3654
enter,3655
enter,3656
enter,3657
enter,3658
enter,3659
enter,3660
enter,3661
enter,3662
enter,3663
enter,3664
enter,3665
enter,3666
enter,3667
enter,3668
enter,3669
enter,3670
enter,3671
enter,3672
enter,3673
enter,3674
enter,3675
enter,3676
enter,3677
enter,3678
enter,3679
enter,3680
enter,3681
enter,3682
enter,3683
enter,3684
enter,3685
enter,3686
enter,3687
enter,3688
enter,3689
enter,3690
enter,3691
enter,3692
enter,3693
enter,3694
enter,3695
enter,3696
enter,3697
enter,3698
enter,3699
enter,3700
enter,3701
enter,3702
enter,3703
enter,3704
enter,3705
enter,3706
enter,3707
enter,3708
enter,3709
enter,3710
enter,3711
enter,3712
enter,3713
enter,3714
enter,3715
enter,3716
enter,3717
enter,3718
enter,3719
enter,3720
enter,3721
enter,3722
enter,3723
enter,3724
enter,3725
enter,3726
enter,3727
enter,3728
enter,3729
enter,3730
enter,3731
enter,3732
enter,3733
enter,3734
enter,3735
enter,3736
enter,3737
enter,3738
enter,3739
enter,3740
enter,3741
enter,3742
enter,3743
enter,3744
enter,3745
enter,3746
enter,3747
enter,3748
enter,3749
enter,3750
enter,3751
enter,3752
enter,3753
enter,3754
enter,3755
enter,3756
enter,3757
enter,3758
enter,3759
enter,3760
enter,3761
enter,3762
enter,3763
enter,3764
enter,3765
enter,3766
enter,3767
enter,3768
enter,3769
enter,3770
enter,3771
enter,3772
enter,3773
enter,3774
enter,3775
enter,3776
enter,3777
enter,3778
enter,3779
enter,3780
enter,3781
enter,3782
enter,3783
enter,3784
enter,3785
enter,3786
enter,3787
enter,3788
enter,3789
enter,3790
enter,3791
enter,3792
enter,3793
enter,3794
enter,3795
enter,3796
enter,3797
enter,3798
enter,3799
enter,3800
enter,3801
enter,3802
enter,3803
enter,3804
enter,3805
enter,3806
enter,3807
enter,3808
enter,3809
enter,3810
enter,3811
enter,3812
enter,3813
enter,3814
enter,3815
enter,3816
enter,3817
enter,3818
enter,3819
enter,3820
enter,3821
enter,3822
enter,3823
enter,3824
enter,3825
enter,3826
enter,3827
enter,3828
enter,3829
enter,3830
enter,3831
enter,3832
enter,3833
enter,3834
enter,3835
enter,3836
enter,3837
enter,3838
enter,3839
enter,3840
enter,3841
enter,3842
enter,3843
enter,3844
enter,3845
enter,3846
enter,3847
enter,3848
enter,3849
enter,3850
enter,3851
enter,3852
enter,3853
enter,3854
enter,3855
enter,3856
enter,3857
enter,3858
enter,3859
enter,3860
enter,3861
enter,3862
enter,3863
enter,3864
enter,3865
enter,3866
enter,3867
enter,3868
enter,3869
enter,3870
enter,3871
enter,3872
enter,3873
enter,3874
enter,3875
enter,3876
enter,3877
enter,3878
enter,3879
enter,3880
enter,3881
enter,3882
enter,3883
enter,3884
enter,3885
enter,3886
enter,3887
enter,3888
enter,3889
enter,3890
enter,3891
enter,3892
enter,3893
enter,3894
enter,3895
enter,3896
enter,3897
enter,3898
enter,3899
enter,3900
enter,3901
enter,3902
enter,3903
enter,3904
enter,3905
enter,3906
enter,3907
enter,3908
enter,3909
enter,3910
enter,3911
enter,3912
enter,3913
enter,3914
enter,3915
enter,3916
enter,3917
enter,3918
enter,3919
enter,3920
enter,3921
enter,3922
enter,3923
enter,3924
enter,3925
enter,3926
enter,3927
enter,3928
enter,3929
enter,3930
enter,3931
enter,3932
enter,3933
enter,3934
enter,3935
enter,3936
enter,3937
enter,3938
enter,3939
enter,3940
enter,3941
enter,3942
enter,3943
enter,3944
enter,3945
enter,3946
enter,3947
enter,3948
enter,3949
enter,3950
enter,3951
enter,3952
enter,3953
enter,3954
enter,3955
enter,3956
enter,3957
enter,3958
enter,3959
enter,3960
enter,3961
enter,3962
enter,3963
enter,3964
enter,3965
enter,3966
enter,3967
enter,3968
enter,3969
enter,3970
enter,3971
enter,3972
enter,3973
enter,3974
enter,3975
enter,3976
enter,3977
enter,3978
enter,3979
enter,3980
enter,3981
enter,3982
enter,3983
enter,3984
enter,3985
enter,3986
enter,3987
enter,3988
enter,3989
enter,3990
enter,3991
enter,3992
enter,3993
enter,3994
enter,3995
enter,3996
enter,3997
enter,3998
enter,3999
enter,4000
enter,4001
enter,4002
enter,4003
enter,4004
enter,4005
enter,4006
enter,4007
enter,4008
enter,4009
enter,4010
enter,4011
enter,4012
enter,4013
enter,4014
enter,4015
enter,4016
enter,4017
enter,4018
enter,4019
enter,4020
enter,4021
enter,4022
enter,4023
enter,4024
enter,4025
enter,4026
enter,4027
enter,4028
enter,4029
enter,4030
enter,4031
enter,4032
enter,4033
enter,4034
enter,4035
enter,4036
enter,4037
enter,4038
enter,4039
enter,4040
enter,4041
enter,4042
enter,4043
enter,4044
enter,4045
enter,4046
enter,4047
enter,4048
enter,4049
enter,4050
enter,4051
enter,4052
enter,4053
enter,4054
enter,4055
enter,4056
enter,4057
enter,4058
enter,4059
enter,4060
enter,4061
enter,4062
enter,4063
enter,4064
enter,4065
enter,4066
enter,4067
enter,4068
enter,4069
enter,4070
enter,4071
enter,4072
enter,4073
enter,4074
enter,4075
enter,4076
enter,4077
enter,4078
enter,4079
enter,4080
enter,4081
enter,4082
enter,4083
enter,4084
enter,4085
enter,4086
enter,4087
enter,4088
enter,4089
enter,4090
enter,4091
enter,4092
enter,4093
enter,4094
enter,4095
enter,4096
enter,4097
enter,4098
enter,4099
enter,4100
enter,4101
enter,4102
enter,4103
enter,4104
enter,4105
enter,4106
enter,4107
enter,4108
enter,4109
enter,4110
enter,4111
enter,4112
enter,4113
enter,4114
enter,4115
enter,4116
enter,4117
enter,4118
enter,4119
enter,4120
enter,4121
enter,4122
enter,4123
enter,4124
enter,4125
enter,4126
enter,4127
enter,4128
enter,4129
enter,4130
enter,4131
enter,4132
enter,4133
enter,4134
enter,4135
enter,4136
enter,4137
enter,4138
enter,4139
enter,4140
enter,4141
enter,4142
enter,4143
enter,4144
enter,4145
enter,4146
enter,4147
enter,4148
enter,4149
enter,4150
enter,4151
enter,4152
enter,4153
enter,4154
enter,4155
enter,4156
enter,4157
enter,4158
enter,4159
enter,4160
enter,4161
enter,4162
enter,4163
enter,4164
enter,4165
enter,4166
enter,4167
enter,4168
enter,4169
enter,4170
enter,4171
enter,4172
enter,4173
enter,4174
enter,4175
enter,4176
enter,4177
enter,4178
enter,4179
enter,4180
enter,4181
enter,4182
enter,4183
enter,4184
enter,4185
enter,4186
enter,4187
enter,4188
enter,4189
enter,4190
enter,4191
enter,4192
enter,4193
enter,4194
enter,4195
enter,4196
enter,4197
enter,4198
enter,4199
enter,4200
enter,4201
enter,4202
enter,4203
enter,4204
enter,4205
enter,4206
enter,4207
enter,4208
enter,4209
enter,4210
enter,4211
enter,4212
enter,4213
enter,4214
enter,4215
enter,4216
enter,4217
enter,4218
enter,4219
enter,4220
enter,4221
enter,4222
enter,4223
enter,4224
enter,4225
enter,4226
enter,4227
enter,4228
enter,4229
enter,4230
enter,4231
enter,4232
enter,4233
enter,4234
enter,4235
enter,4236
enter,4237
enter,4238
enter,4239
enter,4240
enter,4241
enter,4242
enter,4243
enter,4244
enter,4245
enter,4246
enter,4247
enter,4248
enter,4249
enter,4250
enter,4251
enter,4252
enter,4253
enter,4254
enter,4255
enter,4256
enter,4257
enter,4258
enter,4259
enter,4260
enter,4261
enter,4262
enter,4263
enter,4264
enter,4265
enter,4266
enter,4267
enter,4268
enter,4269
enter,4270
enter,4271
enter,4272
enter,4273
enter,4274
enter,4275
enter,4276
enter,4277
enter,4278
enter,4279
enter,4280
enter,4281
enter,4282
enter,4283
enter,4284
enter,4285
enter,4286
enter,4287
enter,4288
enter,4289
enter,4290
enter,4291
enter,4292
enter,4293
enter,4294
enter,4295
enter,4296
enter,4297
enter,4298
enter,4299
enter,4300
enter,4301
enter,4302
enter,4303
enter,4304
enter,4305
enter,4306
enter,4307
enter,4308
enter,4309
enter,4310
enter,4311
enter,4312
enter,4313
enter,4314
enter,4315
enter,4316
enter,4317
enter,4318
enter,4319
enter,4320
enter,4321
enter,4322
enter,4323
enter,4324
enter,4325
enter,4326
enter,4327
enter,4328
enter,4329
enter,4330
enter,4331
enter,4332
enter,4333
enter,4334
enter,4335
enter,4336
enter,4337
enter,4338
enter,4339
enter,4340
enter,4341
enter,4342
enter,4343
enter,4344
enter,4345
enter,4346
enter,4347
enter,4348
enter,4349
enter,4350
enter,4351
enter,4352
enter,4353
enter,4354
enter,4355
enter,4356
enter,4357
enter,4358
enter,4359
enter,4360
enter,4361
enter,4362
enter,4363
enter,4364
enter,4365
enter,4366
enter,4367
enter,4368
enter,4369
enter,4370
enter,4371
enter,4372
enter,4373
enter,4374
enter,4375
enter,4376
enter,4377
enter,4378
enter,4379
enter,4380
enter,4381
enter,4382
enter,4383
enter,4384
enter,4385
enter,4386
enter,4387
enter,4388
enter,4389
enter,4390
enter,4391
enter,4392
enter,4393
enter,4394
enter,4395
enter,4396
enter,4397
enter,4398
enter,4399
enter,4400
enter,4401
enter,4402
enter,4403
enter,4404
enter,4405
enter,4406
enter,4407
enter,4408
enter,4409
enter,4410
enter,4411
enter,4412
enter,4413
enter,4414
enter,4415
enter,4416
enter,4417
enter,4418
enter,4419
enter,4420
enter,4421
enter,4422
enter,4423
enter,4424
enter,4425
enter,4426
enter,4427
enter,4428
enter,4429
enter,4430
enter,4431
enter,4432
enter,4433
enter,4434
enter,4435
enter,4436
enter,4437
enter,4438
enter,4439
enter,4440
enter,4441
enter,4442
enter,4443
enter,4444
enter,4445
enter,4446
enter,4447
enter,4448
enter,4449
enter,4450
enter,4451
enter,4452
enter,4453
enter,4454
enter,4455
enter,4456
enter,4457
enter,4458
enter,4459
enter,4460
enter,4461
enter,4462
enter,4463
enter,4464
enter,4465
enter,4466
enter,4467
enter,4468
enter,4469
enter,4470
enter,4471
enter,4472
enter,4473
enter,4474
enter,4475
enter,4476
enter,4477
enter,4478
enter,4479
enter,4480
enter,4481
enter,4482
enter,4483
enter,4484
enter,4485
enter,4486
enter,4487
enter,4488
enter,4489
enter,4490
enter,4491
enter,4492
enter,4493
enter,4494
enter,4495
enter,4496
enter,4497
enter,4498
enter,4499
enter,4500
enter,4501
enter,4502
enter,4503
enter,4504
enter,4505
enter,4506
enter,4507
enter,4508
enter,4509
enter,4510
enter,4511
enter,4512
enter,4513
enter,4514
enter,4515
enter,4516
enter,4517
enter,4518
enter,4519
enter,4520
enter,4521
enter,4522
enter,4523
enter,4524
enter,4525
enter,4526
enter,4527
enter,4528
enter,4529
enter,4530
enter,4531
enter,4532
enter,4533
enter,4534
enter,4535
enter,4536
enter,4537
enter,4538
enter,4539
enter,4540
enter,4541
enter,4542
enter,4543
enter,4544
enter,4545
enter,4546
enter,4547
enter,4548
enter,4549
enter,4550
enter,4551
enter,4552
enter,4553
enter,4554
enter,4555
enter,4556
enter,4557
enter,4558
enter,4559
enter,4560
enter,4561
enter,4562
enter,4563
enter,4564
enter,4565
enter,4566
enter,4567
enter,4568
enter,4569
enter,4570
enter,4571
enter,4572
enter,4573
enter,4574
enter,4575
enter,4576
enter,4577
enter,4578
enter,4579
enter,4580
enter,4581
enter,4582
enter,4583
enter,4584
enter,4585
enter,4586
enter,4587
enter,4588
enter,4589
enter,4590
enter,4591
enter,4592
enter,4593
enter,4594
enter,4595
enter,4596
enter,4597
enter,4598
enter,4599
enter,4600
enter,4601
enter,4602
enter,4603
enter,4604
enter,4605
enter,4606
enter,4607
enter,4608
enter,4609
enter,4610
enter,4611
enter,4612
enter,4613
enter,4614
enter,4615
enter,4616
enter,4617
enter,4618
enter,4619
enter,4620
enter,4621
enter,4622
enter,4623
enter,4624
enter,4625
enter,4626
enter,4627
enter,4628
enter,4629
enter,4630
enter,4631
enter,4632
enter,4633
enter,4634
enter,4635
enter,4636
enter,4637
enter,4638
enter,4639
enter,4640
enter,4641
enter,4642
enter,4643
enter,4644
enter,4645
enter,4646
enter,4647
enter,4648
enter,4649
enter,4650
enter,4651
enter,4652
enter,4653
enter,4654
enter,4655
enter,4656
enter,4657
enter,4658
enter,4659
enter,4660
enter,4661
enter,4662
enter,4663
enter,4664
enter,4665
enter,4666
enter,4667
enter,4668
enter,4669
enter,4670
enter,4671
enter,4672
enter,4673
enter,4674
enter,4675
enter,4676
enter,4677
enter,4678
enter,4679
enter,4680
enter,4681
enter,4682
enter,4683
enter,4684
enter,4685
enter,4686
enter,4687
enter,4688
enter,4689
enter,4690
enter,4691
enter,4692
enter,4693
enter,4694
enter,4695
enter,4696
enter,4697
enter,4698
enter,4699
enter,4700
enter,4701
enter,4702
enter,4703
enter,4704
enter,4705
enter,4706
enter,4707
enter,4708
enter,4709
enter,4710
enter,4711
enter,4712
enter,4713
enter,4714
enter,4715
enter,4716
enter,4717
enter,4718
enter,4719
enter,4720
enter,4721
enter,4722
enter,4723
enter,4724
enter,4725
enter,4726
enter,4727
enter,4728
enter,4729
enter,4730
enter,4731
enter,4732
enter,4733
enter,4734
enter,4735
enter,4736
enter,4737
enter,4738
enter,4739
enter,4740
enter,4741
enter,4742
enter,4743
enter,4744
enter,4745
enter,4746
enter,4747
enter,4748
enter,4749
enter,4750
enter,4751
enter,4752
enter,4753
enter,4754
enter,4755
enter,4756
enter,4757
enter,4758
enter,4759
enter,4760
enter,4761
enter,4762
enter,4763
enter,4764
enter,4765
enter,4766
enter,4767
enter,4768
enter,4769
enter,4770
enter,4771
enter,4772
enter,4773
enter,4774
enter,4775
enter,4776
enter,4777
enter,4778
enter,4779
enter,4780
enter,4781
enter,4782
enter,4783
enter,4784
enter,4785
enter,4786
enter,4787
enter,4788
enter,4789
enter,4790
enter,4791
enter,4792
enter,4793
enter,4794
enter,4795
enter,4796
enter,4797
enter,4798
enter,4799
enter,4800
enter,4801
enter,4802
enter,4803
enter,4804
enter,4805
enter,4806
enter,4807
enter,4808
enter,4809
enter,4810
enter,4811
enter,4812
enter,4813
enter,4814
enter,4815
enter,4816
enter,4817
enter,4818
enter,4819
enter,4820
enter,4821
enter,4822
enter,4823
enter,4824
enter,4825
enter,4826
enter,4827
enter,4828
enter,4829
enter,4830
enter,4831
enter,4832
enter,4833
enter,4834
enter,4835
enter,4836
enter,4837
enter,4838
enter,4839
enter,4840
enter,4841
enter,4842
enter,4843
enter,4844
enter,4845
enter,4846
enter,4847
enter,4848
enter,4849
enter,4850
enter,4851
enter,4852
enter,4853
enter,4854
enter,4855
enter,4856
enter,4857
enter,4858
enter,4859
enter,4860
enter,4861
enter,4862
enter,4863
enter,4864
enter,4865
enter,4866
enter,4867
enter,4868
enter,4869
enter,4870
enter,4871
enter,4872
enter,4873
enter,4874
enter,4875
enter,4876
enter,4877
enter,4878
enter,4879
enter,4880
enter,4881
enter,4882
enter,4883
enter,4884
enter,4885
enter,4886
enter,4887
enter,4888
enter,4889
enter,4890
enter,4891
enter,4892
enter,4893
enter,4894
enter,4895
enter,4896
enter,4897
enter,4898
enter,4899
enter,4900
enter,4901
enter,4902
enter,4903
enter,4904
enter,4905
enter,4906
enter,4907
enter,4908
enter,4909
enter,4910
enter,4911
enter,4912
enter,4913
enter,4914
enter,4915
enter,4916
enter,4917
enter,4918
enter,4919
enter,4920
enter,4921
enter,4922
enter,4923
enter,4924
enter,4925
enter,4926
enter,4927
enter,4928
enter,4929
enter,4930
enter,4931
enter,4932
enter,4933
enter,4934
enter,4935
enter,4936
enter,4937
enter,4938
enter,4939
enter,4940
enter,4941
enter,4942
enter,4943
enter,4944
enter,4945
enter,4946
enter,4947
enter,4948
enter,4949
enter,4950
enter,4951
enter,4952
enter,4953
enter,4954
enter,4955
enter,4956
enter,4957
enter,4958
enter,4959
enter,4960
enter,4961
enter,4962
enter,4963
enter,4964
enter,4965
enter,4966
enter,4967
enter,4968
enter,4969
enter,4970
enter,4971
enter,4972
enter,4973
enter,4974
enter,4975
enter,4976
enter,4977
enter,4978
enter,4979
enter,4980
enter,4981
enter,4982
enter,4983
enter,4984
enter,4985
enter,4986
enter,4987
enter,4988
enter,4989
enter,4990
enter,4991
enter,4992
enter,4993
enter,4994
enter,4995
enter,4996
enter,4997
enter,4998
enter,4999
enter,5000
exit,1
exit,2
exit,3
exit,4
exit,5
exit,6
exit,7
exit,8
exit,9
exit,10
exit,11
exit,12
exit,13
exit,14
exit,15
exit,16
exit,17
exit,18
exit,19
exit,20
exit,21
exit,22
exit,23
exit,24
exit,25
exit,26
exit,27
exit,28
exit,29
exit,30
exit,31
exit,32
exit,33
exit,34
exit,35
exit,36
exit,37
exit,38
exit,39
exit,40
exit,41
exit,42
exit,43
exit,44
exit,45
exit,46
exit,47
exit,48
exit,49
exit,50
exit,5000
